hash,left,right,base,file
f73cca0,b7afe5b0,c9e75337,f3d299f8,src/main/java/org/java_websocket/client/WebSocketClient.java
fc4950f,4b3f9ad6,2d5d49bd,e7226c04,src/main/java/org/java_websocket/server/WebSocketServer.java
8941898,219f54e0,4094e3d1,64b75747,src/main/java/org/java_websocket/drafts/Draft_6455.java
8941898,219f54e0,4094e3d1,64b75747,src/main/java/org/java_websocket/exceptions/LimitExceededException.java
3b35a67,96d7aeb5,de70cdc7,ad2c1a3a,pom.xml
3b35a67,96d7aeb5,de70cdc7,ad2c1a3a,src/main/java/org/java_websocket/AbstractWebSocket.java
3b35a67,96d7aeb5,de70cdc7,ad2c1a3a,src/main/java/org/java_websocket/WebSocketImpl.java
3b35a67,96d7aeb5,de70cdc7,ad2c1a3a,src/main/java/org/java_websocket/drafts/Draft_6455.java
0712319,1aa8983f,46823045,3a6adbba,src/main/java/org/java_websocket/SSLSocketChannel2.java
5fa66db,309bdfb3,1520eaa4,05d2e2ed,README.markdown
1196574,84af29b3,bddca631,7c3b2235,src/main/java/org/java_websocket/client/WebSocketClient.java
aeb04e5,0b98aead,710eefde,002ad9be,src/org/java_websocket/client/WebSocketClient.java
0710ad1,f2b26e11,0a4a98c3,8ef67b46,src/org/java_websocket/WebSocketImpl.java
8fc4922,31dcbc11,92c48b9b,e2a017f2,src/org/java_websocket/WebSocket.java
f4842fc,fb723899,3e05bf96,047c2878,src/org/java_websocket/WebSocket.java
f4842fc,fb723899,3e05bf96,047c2878,src/org/java_websocket/WebSocketAdapter.java
f4842fc,fb723899,3e05bf96,047c2878,src/org/java_websocket/WebSocketListener.java
1a36700,0374ba91,047c2878,86690963,src/org/java_websocket/WebSocketClient.java
41e10c1,72dbce92,eec4e8f8,21abfd07,src/net/tootallnate/websocket/WebSocketClient.java
7711f54,a0c7123e,440317ad,bbf49f22,src/net/tootallnate/websocket/Draft.java
7711f54,a0c7123e,440317ad,bbf49f22,src/net/tootallnate/websocket/WebSocket.java
7711f54,a0c7123e,440317ad,bbf49f22,src/net/tootallnate/websocket/drafts/Draft_10.java
7711f54,a0c7123e,440317ad,bbf49f22,src/net/tootallnate/websocket/drafts/Draft_75.java
1bafce4,fa0eaa39,bbf49f22,fdc1bd51,src/net/tootallnate/websocket/Draft.java
1bafce4,fa0eaa39,bbf49f22,fdc1bd51,src/net/tootallnate/websocket/FramedataImpl1.java
1bafce4,fa0eaa39,bbf49f22,fdc1bd51,src/net/tootallnate/websocket/WebSocket.java
1bafce4,fa0eaa39,bbf49f22,fdc1bd51,src/net/tootallnate/websocket/drafts/Draft_10.java
1bafce4,fa0eaa39,bbf49f22,fdc1bd51,src/net/tootallnate/websocket/drafts/Draft_75.java
cd957da,53395cc5,a9f87073,825c9c7c,src/net/tootallnate/websocket/drafts/Draft_10.java
cd957da,53395cc5,a9f87073,825c9c7c,src/net/tootallnate/websocket/drafts/Draft_17.java
